<?xml version="1.0" encoding="UTF-8"?>
<project-private xmlns="http://www.netbeans.org/ns/project-private/1">
    <editor-bookmarks xmlns="http://www.netbeans.org/ns/editor-bookmarks/2" lastBookmarkId="0"/>
    <open-files xmlns="http://www.netbeans.org/ns/projectui-open-files/2">
        <group>
            <file>file:/C:/Users/user/OneDrive/Documentos/Universidad/ProgAvanz/CHATJAVA/src/Control/ControlServidor.java</file>
            <file>file:/C:/Users/user/OneDrive/Documentos/Universidad/ProgAvanz/CHATJAVA/src/Modelo/Cliente.java</file>
            <file>file:/C:/Users/user/OneDrive/Documentos/Universidad/ProgAvanz/CHATJAVA/src/Vista/VistaAyuda.java</file>
            <file>file:/C:/Users/user/OneDrive/Documentos/Universidad/ProgAvanz/CHATJAVA/src/Control/ControlVentanaCliente.java</file>
            <file>file:/C:/Users/user/OneDrive/Documentos/Universidad/ProgAvanz/CHATJAVA/src/Control/ControlPrincipalCliente.java</file>
            <file>file:/C:/Users/user/OneDrive/Documentos/Universidad/ProgAvanz/CHATJAVA/src/Control/ControlCliente.java</file>
            <file>file:/C:/Users/user/OneDrive/Documentos/Universidad/ProgAvanz/CHATJAVA/src/Control/ClienteThread.java</file>
            <file>file:/C:/Users/user/OneDrive/Documentos/Universidad/ProgAvanz/CHATJAVA/src/Vista/VistaCliente.java</file>
            <file>file:/C:/Users/user/OneDrive/Documentos/Universidad/ProgAvanz/CHATJAVA/src/Vista/VistaPrivada.java</file>
            <file>file:/C:/Users/user/OneDrive/Documentos/Universidad/ProgAvanz/CHATJAVA/src/Control/ControlPrincipalServidor.java</file>
            <file>file:/C:/Users/user/OneDrive/Documentos/Universidad/ProgAvanz/CHATJAVA/src/Control/ControlVentanaServidor.java</file>
            <file>file:/C:/Users/user/OneDrive/Documentos/Universidad/ProgAvanz/CHATJAVA/src/Control/LauncherCliente.java</file>
            <file>file:/C:/Users/user/OneDrive/Documentos/Universidad/ProgAvanz/CHATJAVA/src/Vista/VistaServidor.java</file>
            <file>file:/C:/Users/user/OneDrive/Documentos/Universidad/ProgAvanz/CHATJAVA/src/Modelo/Servidor.java</file>
            <file>file:/C:/Users/user/OneDrive/Documentos/Universidad/ProgAvanz/CHATJAVA/src/Control/ServidorThread.java</file>
            <file>file:/C:/Users/user/OneDrive/Documentos/Universidad/ProgAvanz/CHATJAVA/src/Control/LauncherServidor.java</file>
        </group>
    </open-files>
</project-private>
